"SPECIES_CODE","COMMON_NAME","SCIENTIFIC_NAME"
106,"ALASKA PLAICE","PLEURONECTES QUADRITUBERCULATUS"
88,"ALASKA SKATE","BATHYRAJA PARMIFERA"
929,"ALASKA VOLUTE","BOREOMELON STEARNSII"
243,"ALASKAN RONQUIL","BATHYMASTER CAERULEOFASCIATUS"
784,"ALBACORE TUNA","THUNNUS ALALUNGA"
849,"ALBATROSS UNIDENTIFIED","DIOMEDEIDAE SPP"
883,"ALCID UNIDENTIFIED","ALCIDAE SPP"
462,"ALEUTIAN ALLIGATORFISH","ASPIDOPHOROIDES BARTONI"
353,"ALEUTIAN SCORPIONFISH","ADELOSEBASTES LATENS"
85,"ALEUTIAN SKATE","BATHYRAJA ALEUTICA"
1101,"ALEUTIAN TERN","STERNA ALEUTICA"
1102,"AMERICAN PIPIT","ANTHUS RUBESCENS"
606,"AMERICAN SHAD","ALOSA SAPIDISSIMA"
1103,"ANCIENT MURRELET","SYNTHLIBORAMPHUS ANTIQUUS"
942,"ANGULAR WHELK","BUCCINUM ANGULOSUM"
19,"ANGULATUS TANNER","CHIONOECETES ANGULATUS"
934,"ANTIPLANES PIONA","ANTIPLANES PIONA"
936,"ANTIPLANES UNIDENTIFIED","ANTIPLANES SPP"
472,"ANTLERED SCULPIN","ENOPHRYS DICERAUS"
46,"ARCTIC ARGID SHRIMP","ARGIS DENTATA"
211,"ARCTIC COD","BOREOGADUS SAIDA"
146,"ARCTIC FLOUNDER","LIOPSETTA GLACIALIS"
1104,"ARCTIC LOON","GAVIA ARCTICA"
37,"ARCTIC LYRE CRAB (ROUNDED SPINE)","HYAS COARCTATUS"
752,"ARCTIC SHANNY","STICHAEUS PUNCTATUS"
423,"ARCTIC STAGHORN SCULPIN","GYMNOCANTHUS TRICUSPIS"
1105,"ARCTIC TERN","STERNA PARADISAEA"
620,"ARGENTINE UNIDENTIFIED","ARGENTINIDAE SPP"
470,"ARMORHEAD SCULPIN","GYMNOCANTHUS GALEATUS"
141,"ARROWTOOTH FLOUNDER","ATHERESTHES STOMIAS"
43,"ASCIDIAN - SEA SQUIRT - TUNICATE UNIDENTIFIED","ASCIDIACEA"
204,"ATKA MACKEREL","PLEUROGRAMMUS MONOPTERYGIUS"
229,"ATLANTIC SALMON","SALMO SALAR"
893,"AUKLET/MURRELET UNIDENTIFIED","ALCIDAE"
334,"AURORA ROCKFISH","SEBASTES AURORA"
4,"BAIRDI TANNER CRAB","CHIONOECETES BAIRDI"
1106,"BALD EAGLE","HALIAEETUS LEUCOCEPHALUS"
337,"BANK ROCKFISH","SEBASTES RUFUS"
48,"BARNACLES UNIDENTIFIED","CIRRIPEDIA"
770,"BARRACUDINA UNIDENTIFIED","PARALEPIDIDAE"
621,"BARRELEYE","MACROPINNA MICROSTOMA"
21,"BASKET STARFISH","GORGONOCEPHALUS"
255,"BASKETWEAVE CUSK-EEL","OPHIDION SCRIPPSAE"
156,"BASKING SHARK","CETORHINUS MAXIMUS"
145,"BERING FLOUNDER","HIPPOGLOSSOIDES ROBUSTUS"
463,"BERING POACHER","OCCELLA DODECAEDRON"
213,"BERING SEA CODLING","LAEMONEMA LONGIPES"
97,"BERING SKATE","BATHYRAJA INTERRUPTA"
950,"BERING WHELK","BERINGIUS BERINGII"
781,"BERING WOLFFISH","ANARHICHAS ORIENTALIS"
94,"BIG SKATE","BERINGRAJA BINOCULATA"
457,"BIGEYE POACHER","BATHYAGONUS PENTACANTHUS"
257,"BIGFIN EELPOUT","LYCODES CORTEZIANUS"
402,"BIGMOUTH SCULPIN","HEMITRIPTERUS BOLINI"
289,"BIGSCALE UNIDENTIFIED","MELAMPHAIDAE"
998,"BIRD UNIDENTIFIED","AVES"
818,"BLACK CORAL","ANTIPATHARIA"
254,"BLACK EELPOUT","LYCODES DIAPTERUS"
306,"BLACK ROCKFISH","SEBASTES MELANOPS"
190,"BLACK SCABBARDFISH","APHANOPUS CARBO"
827,"BLACK SWALLOWER","CHIASMODOM NIGER"
1107,"BLACK TURNSTONE","ARENARIA MELANOCEPHALA"
852,"BLACK-FOOTED ALBATROSS","PHOEBASTRIA  NIGRIPES"
876,"BLACK-LEGGED KITTIWAKE","RISSA TRIDACTYLA"
261,"BLACKBELLY EELPOUT","LYCOES PACIFICUS"
455,"BLACKFIN POACHER","BATHYAGONUS NIGRIPINNIS"
411,"BLACKFIN SCULPIN","MALACOCOTTUS KINCAIDI"
319,"BLACKGILL ROCKFISH","SEBASTES MELANOSTOMUS"
561,"BLACKLINE SNIPE EEL","AVOCETTINA INFANS"
618,"BLACKSMELT UNIDENTIFIED","BATHYLAGIDAE"
357,"BLACKSPOTTED ROCKFISH","SEBASTES MELANOSTICTUS"
501,"BLACKTAIL SNAILFISH GROUP","CAREPROCTUS SPP"
460,"BLACKTIP POACHER","XENERETMUS LATIFRONS"
260,"BLENNY UNIDENTIFIED","ZOARCOIDEI"
422,"BLOB SCULPIN","PSYCHROLUTES PHRICTUS"
6,"BLUE KING CRAB","PARALITHODES PLATYPUS"
703,"BLUE LANTERNFISH","TARLETONBEANIA CRENULARIS"
316,"BLUE ROCKFISH","SEBASTES MYSTINUS"
69,"BLUE SHARK","PRIONACE GLAUCA"
302,"BOCACCIO ROCKFISH","SEBASTES PAUCISPINIS"
1108,"BONAPARTE'S GULL","LARUS PHILADELPHIA"
1109,"BOREAL OWL","AEGOLIUS FUNEREUS"
968,"BOREOTROPHON UNIDENTIFIED","BOREOTROPHON SPP"
11,"BOX CRAB","LOPHOLITHODES FORAMINATUS"
1110,"BRAMBLING","FRINGILLA MONTIFRINGILLA"
696,"BRISTLEMOUTHS","GONOSTOMATIDAE"
22,"BRITTLE STARFISH UNIDENTIFIED","OPHIUROIDEA"
351,"BROAD BANDED THORNYHEAD","SEBASTOLOBUS MACROCHIR"
704,"BROKENLINE LAMPFISH","LAMPANYCTUS JORDANI"
68,"BROWN CAT SHARK","APRISTURUS BRUNNEUS"
410,"BROWN IRISH LORD","HEMILEPIDOTUS SPINOSUS"
8,"BROWN KING CRAB","LITHODES AEQUISPINIUS"
332,"BROWN ROCKFISH","SEBASTES AURICULATUS"
955,"BROWN WHELK","COLUS BRUNNEUS"
939,"BUCCINUM PHYSEMATUM","BUCCINUM PHYSEMATUM"
944,"BUCCINUM UNIDENTIFIED","BUCCINUM SPP"
412,"BUFFALO SCULPIN","ENOPHRYS BISON"
691,"BULBOUS DREAMER","ONEIRODES BULBOSUS"
109,"BUTTER SOLE","ISOPSETTA ISOLEPIS"
415,"BUTTERFLY SCULPIN","HEMILEPIDOTUS PAPILIO"
168,"BUTTERFLY SKATE","BATHYRAJA MARIPOSA"
118,"C-O SOLE","PLEURONICHTHYS COENOSUS"
420,"CALICO SCULPIN","CLINOCOTTUS EMBRYUM"
122,"CALIFORNIA HALIBUT","PARALICHTHYS CALIFORNICUS"
701,"CALIFORNIA HEADLIGHTFISH","DIAPHUS THETA"
87,"CALIFORNIA SKATE","RAJA INORNATA"
113,"CALIFORNIA TONGUEFISH","SYMPHURUS ATRICAUDA"
1112,"CANADA GOOSE","BRANTA CANADENSIS"
314,"CANARY ROCKFISH","SEBASTES PINNIGER"
604,"CAPELIN","MALLOTUS VILLOSUS"
272,"CARANGIDAE SPP","CARANGIDAE SPP"
1111,"CASSIN'S AUKLET","PTYCHORAMPHUS ALEUTICUS"
340,"CHAMELEON ROCKFISH","SEBASTES PHILLIPSI"
970,"CHANNELED WHELK","BUCCINUM SOLENUM"
325,"CHILIPEPPER ROCKFISH","SEBASTES GOODEI"
346,"CHINA ROCKFISH","SEBASTES NEBULOSUS"
222,"CHINOOK SALMON","ONCORHYNCHUS TSHAWYTSCHA"
44,"CHITON UNIDENTIFIED","POLYPLACOPHORA"
221,"CHUM SALMON","ONCORHYNCHUS KETA"
972,"CLATHRATE TROPHON","BOREOTROPHON CLATHRATUS"
214,"CODLING UNIDENTIFIED","MORIDAE"
223,"COHO SALMON","ONCORHYNCHUS KISUTCH"
963,"COLUS ESYCHUS","COLUS ESYCHUS"
957,"COLUS UNIDENTIFIED","COLUS SPP"
163,"COMMANDER SKATE","BATHYRAJA LINDBERGI"
866,"COMMON EIDER","SOMATERIA MOLLISSIMA"
1113,"COMMON LOON","GAVIA IMMER"
1114,"COMMON MERGANSER","MERGUS MERGANSER"
889,"COMMON MURRE","URIA AALGE"
1115,"COMMON RAVEN","CORVUS CORAX"
327,"COPPER ROCKFISH","SEBASTES CAURINUS"
32,"CORALS-BRYOZOANS UNIDENTIFIED","ANTHOZOA, ECTOPROCTA"
861,"CORMORANT UNIDENTIFIED","PHALACROCORACIDAE SP"
16,"COUESI KING CRAB","LITHODES COUESI"
1,"CRAB UNIDENTIFIED","DECAPODA"
930,"CREPIDULA UNIDENTIFIED","CREPIDULA SPP"
1116,"CRESTED AUKLET","AETHIA CRISTATELLA"
291,"CRESTED MELAMPHID","POROMITRA CRASSICEPS"
409,"CRESTED SCULPIN","BLEPSIAS BILOBUS"
53,"CRINOIDS UNIDENTIFIED","CRINOIDEA"
981,"CROWNED HAIRY SNAIL","TRICHOTROPIS CORONATA"
510,"CRYSTALLICHTHYS UNIDENTIFIED","CYSTALLICHTHYS CYCLOSPILUS"
117,"CURLFIN SOLE","PLEURONICHTHYS DECURRENS"
248,"CUSK-EEL UNIDENTIFIED","OPHIDIIDAE"
660,"CUTLASSFISH UNIDENTIFIED","TRICHIURIDAE"
227,"CUTTHROAT TROUT","ONCORHYNCHUS CLARKII CLARKII"
679,"DAGGERTOOTHS","ANOTOPTERUS NIKPARINI"
969,"DALL'S TROPHON","BOREOTROPHON MURICIFORMIS"
311,"DARK BLOTCHED ROCKFISH","SEBASTES CRAMERI"
345,"DARK ROCKFISH","SEBASTES CILIATUS"
347,"DARK ROCKFISH UNIDENTIFIED","NON TAXANOMIC GROUPING"
855,"DARK SHEARWATER UNIDENTIFIED","PUFFINUS SPP"
395,"DARKFIN SCULPIN","MALACOCOTTUS ZONURUS"
753,"DAUBED SHANNY","LEPTOCLINUS MACULATUS"
757,"DECORATED WARBONNET","CHIROLOPHIS DECORATUS"
39,"DECORATOR CRAB","OREGONIA GRACILIS"
84,"DEEP SHRIMP","PANDALOPSIS ALEUTICA"
92,"DEEPSEA SKATE","BATHYRAJA ABYSSICOLA"
628,"DEEPSEA SMELT UNIDENTIFIED","BATHYLAGIDAE"
110,"DEEPSEA SOLE","EMBASSICHTHYS BATHYBIUS"
228,"DOLLY VARDEN","SALVELINUS MALMA"
1117,"DOVEKIE","ALLE ALLE"
107,"DOVER SOLE","MICROSTOMUS PACIFICUS"
459,"DRAGON POACHER","PERCIS JAPONICUS"
799,"DRAGONFISH UNIDENTIFIED","MELANOSTOMIINAE"
690,"DREAMER UNIDENTIFIED","ONEIRODIDAE"
769,"DUCKBILL BARRACUDINA","MAGNISUDIS ATLANTICA"
12,"DUNGENESS CRAB","CANCER MAGISTER"
330,"DUSKY ROCKFISH","SEBASTES VARIABILIS"
355,"DUSKY ROCKFISH UNIDENTIFIED","SEBASTES CILIATUS OR VARIABILIS"
404,"DUSKY SCULPIN","ICELINUS BURCHAMI"
783,"DWARF WRYMOUTH","LYCONECTES ALEUTENSIS"
615,"EARED BLACKSMELT","LIPOLAGUS OCHOTENSIS"
263,"EBONY EELPOUT","LYCODES CONCOLOR"
832,"ECHIURUS ECHIURUS","ECHIURUS ECHIURUS"
250,"EELPOUT UNIDENTIFIED","ZOARCIDAE"
973,"ELEGANT TROPHON","BOREOTROPHON PACIFICUS"
1118,"EMPEROR GOOSE","CHEN CANAGICA"
108,"ENGLISH SOLE","PAROPHRYS VETULUS"
928,"ERODED TURRET SNAIL","TACHYRHYNCHUS EROSUS"
1119,"ESKIMO CURLEW","NUMENIUS BOREALIS"
601,"EULACHON","THALEICHTHYS PACIFICUS"
629,"FANGTOOTH ","ANOPLOGASTER CORNUTA"
947,"FAT WHELK","NEPTUNEA VENTRICOSA"
83,"FILAMENTED RATTAIL","CORYPHAENOIDES FILIFER"
901,"FISH UNIDENTIFIED","OSTEICHTHYES"
899,"FISH WASTE","NON TAXANOMIC GROUPING"
341,"FLAG ROCKFISH","SEBASTES RUBRIVINCTUS"
100,"FLATFISH UNIDENTIFIED","PLEURONECTIFORMES"
86,"FLATHEAD SKATE","BATHYRAJA PARMIFERA"
103,"FLATHEAD SOLE","HIPPOGLOSSOIDES ELASSODON"
1120,"FLESH-FOOTED SHEARWATER","PUFFINUS CARNEIPES"
1121,"FORK-TAILED STORM-PETREL","OCEANODROMA FURCATA"
952,"FRAGILE WHELK","VOLUTOPSIUS FRAGILIS"
937,"FRIELES WHELK","NEOBERIGIUS FRIELEI"
650,"FROSTFISH","BENTHODESMUS PACIFICUS"
841,"FUZZY CRAB","ACANTHOLITHODES HISPIDUS"
215,"GADID UNIDENTIFIED","GADIDAE"
82,"GIANT GRENADIER","ALBATROSSIA PECTORALIS"
760,"GIANT WRYMOUTH","CYPTACANTHODES GIGANTEUS"
971,"GLACIAL WHELK","BUCCINUM GLACIALE"
878,"GLAUCUS GULL","LARUS HYUPERBOREUS"
879,"GLAUCUS-WINGED GULL","LARUS GLAUCESCENS"
119,"GLYPTOCEPHALUS STELLERI","GLYPTOCEPHALUS STELLERI"
160,"GOLDEN SKATE","BATHYRAJA SMIRNOVI"
817,"GORGONIAN","GORGONACEA"
317,"GRAY ROCKFISH","SEBASTES GLAUCUS"
456,"GRAY STARSNOUT POACHER","BATHYAGONUS ALASCANUS"
405,"GREAT SCULPIN","MYOXOCEPHALUS POLYACANTHOCEPHALUS"
846,"GREBE UNIDENTIFIED","PODICIPEDIFORMES SPP"
231,"GREEN STURGEON","ACIPENSER MEDIROSTRIS"
1100,"GREEN-WINGED TEAL","ANAS CRECCA"
390,"GREENLING UNIDENTIFIED","HEXAGRAMMIDAE"
339,"GREENSPOTTED ROCKFISH","SEBASTES CHLOROSTICTUS"
313,"GREENSTRIPED ROCKFISH","SEBASTES ELONGATUS"
80,"GRENADIER UNIDENTIFIED","MACROURIDAE"
884,"GUILLEMOT UNIDENTIFIED","CEPPHUS SPP"
874,"GULL UNIDENTIFIED","LARINAE SPP"
430,"GUNNEL UNIDENTIFIED","PHOLIDAE"
431,"GYMNOCANTHUS UNIDENTIFIED","GYMNOCANTHUS SPP"
1122,"GYRFALCON","FALCO RUSTICOLUS"
77,"HAGFISH UNIDENTIFIED","MYXINIDAE"
961,"HALL'S WHELK","COLUS HALLI"
1123,"HARLEQUIN DUCK","HISTRIONICUS HISTRIONICUS"
323,"HARLEQUIN ROCKFISH","SEBASTES VARIEGATUS"
767,"HATCHETFISH UNIDENTIFIED","STERNOPTYCHIDAE"
15,"HERMIT CRAB UNIDENTIFIED","PAGURIDEA"
877,"HERRING GULL","LARUS ARGENTATUS"
801,"HIGHFIN DRAGONFISH","BATHOPHILUS FLEMINGI"
290,"HIGHSNOUT MELAMPHID","MELAMPHAES LUGUBRIS"
1125,"HORNED GREBE","PODICEPS AURITUS"
891,"HORNED PUFFIN","FRATERCULA CORNICULATA"
1124,"HOUSE FINCH","CARPODACUS MEXICANUS"
511,"HUMBOLDT SQUID","DOSIDICUS GIGAS"
116,"HYBRID SOLE","PAROPHYRS VETULUS X PLATICHTHYS STELLATUS "
47,"HYBRID TANNER CRAB","CHIONOECETES HYBRID"
815,"HYDROCORAL","ANTHOATHECATAE"
835,"HYDROIDS UNIDENTIFIED","HYDROZOA SP"
429,"ICELUS CANALICULATUS","ICELUS CANALICULATUS"
432,"ICELUS EURYOPS","ICELUS EURYOPS"
436,"ICELUS UNIDENTIFIED","ICELUS SPP"
967,"INCISED WHELK","PLICIFUSUS INCISUS"
902,"INVERTEBRATE UNIDENTIFIED","NON TAXANOMIC GROUPING"
418,"IRISH LORD UNIDENTIFIED","HEMILEPIDOTUS SPP"
33,"ISOPOD","ISOPODA"
207,"JACK MACKEREL","TRACHURUS SYMMETRICUS"
871,"JAEGER/SKUA UNIDENTIFIED","STERCORARIIDAE SPP"
35,"JELLYFISH UNIDENTIFIED","SCYPHOZOA"
149,"KAM/ARROW UNIDENTIFIED","ATHERESTHES SPP"
262,"KAMCHATKA EELPOUT","LYCENCHELYS CAMCHATICA"
147,"KAMCHATKA FLOUNDER","ATHERESTHES EVERMANNI"
966,"KEELED AFORIA","AFORIA CIRCINATA"
392,"KELP GREENLING","HEXAGRAMMOS DECAGRAMMUS"
2,"KING CRAB UNIDENTIFIED","NON TAXANOMIC GROUPING"
863,"KING EIDER","SOMATERIA SPECTABILIS"
608,"KING-OF-THE-SALMON","TRACHIPTERUS ALTIVELIS"
896,"KITTLITZ'S MURRELET","BRACHYRAMPHUS BREVIROSTRIS"
7,"KOREAN HORSEHAIR CRAB","ERIMACRUS ISENBECKII"
954,"KROYER'S WHELK","COLUS KROYERI"
999,"Keypunch Check","Keypunch Check"
940,"LADDER WHELK","BUCCINUM SCALARIFORME"
27,"LAMP SHELL UNIDENTIFIED","BRACHIOPODA"
75,"LAMPREY UNIDENTIFIED","PETROMYZONTIDAE"
785,"LANCETFISHES","ALEPISAURUS FEROX"
898,"LAND BIRDS UNIDENTIFIED","NON TAXANOMIC GROUPING"
700,"LANTERNFISH UNIDENTIFIED","MYCTOPHIDAE"
1127,"LAPLAND LONGSPUR","CALCARIUS LAPPONICUS"
851,"LAYSAN ALBATROSS","PHOEBASTRIA IMMUTABILIS"
1126,"LAYSAN ALBATROSS - retired - data trans to sp 851 3/3/2010","PHOEBASTRIA IMMUTABILIS LAYSAN ALBATROSS - retired "
1131,"LEACH'S STORM-PETREL","OCEANODROMA LEUCORHOA"
1128,"LEAST AUKLET","AETHIA PUSILLA"
1130,"LEAST SANDPIPER","CALIDRIS MINUTILLA"
532,"LEATHERFIN LUMPSUCKER","EUMICROTREMUS DERJUGINI"
52,"LEECH UNIDENTIFIED","HIRUDINEA"
427,"LEISTER SCULPIN","ENOPHRYS LUCASI"
1129,"LESSER GOLDEN-PLOVER","PLUVIALIS DOMINICA"
45,"LIMPET UNIDENTIFIED","NON TAXANOMIC GROUPING"
603,"LINGCOD","OPHIODON ELONGATUS"
509,"LIPARIS GIBBUS","LIPARIS GIBBUS"
502,"LIPARIS MEGACEPHALUS","LIPARIS MEGACEPHALUS"
503,"LIPARIS OCHOTENSIS","LIPARIS OCHOTENSIS"
14,"LITHODID CRAB UNIDENTIFIED","LITHODIDAE"
949,"LITTLE WHELK","NEPTUNEA BOREALIS"
506,"LOBEFIN SNAILFISH","POLYPERA GREENI"
1132,"LONG-TAILED DUCK","CLANGULA HYEMALIS"
1133,"LONG-TAILED JAEGER","STERCORARIUS LONGICAUDUS"
800,"LONGFIN DRAGONFISH","TACTOSTOMA MACROPUS"
434,"LONGFIN IRISH LORD","HEMILEPIDOTUS ZAPUS"
144,"LONGHEAD DAB","LIMANDA PROBOSCIDEA"
95,"LONGNOSE SKATE","RAJA RHINA"
756,"LONGSNOUT PRICKLEBACK","LUMPENELLA LONGIROSTRIS"
352,"LONGSPINE THORNYHEAD ROCKFISH","SEBASTOLOBUS ALTIVELIS"
844,"LOON UNIDENTIFIED","GAVIIFORMES SPP"
627,"LOOSEJAWS UNIDENTIFIED","MALACOSTEINAE"
525,"LUMPSUCKER UNIDENTIFIED","CYCLOPTERIDAE"
9,"LYRE CRAB (SHARP SPINED)","HYAS LYRATUS"
840,"LYRE CRAB UNIDENTIFIED","HYAS SPP"
945,"LYRE WHELK","NEPTUNEA LYRATA"
786,"MACKERELS - TUNAS","SCOMBRIDAE"
774,"MANEFISHES","CARISTIUS MACROPUS"
249,"MARBLED EELPOUT","LYCODES RARIDENS"
894,"MARBLED MURRELET","BRACHYRAMPHUS MARMORATUS"
505,"MARBLED SNAILFISH","LIPARIS DENNYI"
903,"MARINE MAMMAL","NON TAXANOMIC GROUPING"
394,"MASKED GREENLING","HEXAGRAMMOS OCTOGRAMMUS"
776,"MEDUSAFISH","ICICHTHYS LOCKINGTONI"
1135,"MERLIN","FALCO COLUMBARIUS"
1134,"MEW GULL","LARUS CANUS"
271,"MEXICAN SCAD","DECAPTERUS SCOMBRINUS"
900,"MISCELLANEOUS UNIDENTIFIED","NON TAXANOMIC GROUPING"
421,"MOSSHEAD SCULPIN","CLINOCOTTUS GLOBICEPS"
1136,"MOTTLED PETREL","PTERODROMA INEXPECTATA"
165,"MUD SKATE","BATHYRAJA TARANETZI"
887,"MURRE UNIDENTIFIED","URIA SPP"
29,"MUSSELS OYSTERS SCALLOPS CLAMS","BIVALVIA"
699,"MYCTOPHIDAE SPP","LAMPANYCTUS UNIDENTIFIED"
440,"MYOXOCEPHALUS UNIDENTIFIED","MYOXOCEPHALUS SPP"
976,"NATICA UNIDENTIFIED","NATICA SPP"
926,"NEPTUNEA AMIANTA","NEPTUNEA AMIANTA"
925,"NEPTUNEA INTERSCULPTA","NEPTUNEA INTERSCULPTA"
977,"NEPTUNEA UNIDENTIFIED","NEPTUNEA SPP"
612,"NIGHT SMELT","SPIRINCHUS STARKSI"
9991,"NONE","NONE"
948,"NORHTERN WHELK","NEPTUNEA HEROS"
610,"NORTHERN ANCHOVY","ENGRAULIS MORDAX"
854,"NORTHERN FULMAR","FULMARUS GLACIALIS"
688,"NORTHERN GIANT SEADEVIL","CERATIAS HOLBOELLII"
1137,"NORTHERN HAWK OWL","SURNIA ULULA"
702,"NORTHERN LANTERNFISH","STENOBRACHIUS LEUCOPSARUS"
680,"NORTHERN PEARLEYE","BENTHALBELLA DENTATA"
73,"NORTHERN PINK SHRIMP","PANDALUS EOUS"
1138,"NORTHERN PINTAIL","ANAS ACUTA"
120,"NORTHERN ROCK SOLE","LEPIDOPSETTA POLYXYSTRA"
303,"NORTHERN ROCKFISH","SEBASTES POLYSPINIS"
241,"NORTHERN RONQUIL","RONQUILUS JORDANI"
417,"NORTHERN SCULPIN","ICELINUS BOREALIS"
619,"NORTHERN SMOOTHTONGUE","LEUROGLOSSUS SCHMIDTI"
458,"NORTHERN SPEARNOSE POACHER","AGONOPSIS VULSA"
1139,"NORTHERN WHEATEAR","OENANTHE OENANTHE"
25,"NUDIBRANCH UNIDENTIFIED","NUDIBRANCHIA"
715,"OARFISH","REGALECUS GLESNE"
962,"OBLIQUE WHELK","COLUS HYPOLISPUS"
825,"OCEAN SHRIMP","PANDALUS JORDANI"
810,"OCEAN SUNFISH","MOLA MOLA"
60,"OCTOPUS UNIDENTIFIED","OCTOPODA"
161,"OKHOTSK SKATE","BATHYRAJA VIOLACEA"
831,"OLIGOCHAETE UNIDENTIFIED","OLIGOCHAETA"
336,"OLIVE ROCKFISH","SEBASTES SERRANOIDES"
297,"OPAHS","LAMPRIS GUTTATUS"
5,"OPILIO TANNER CRAB","CHIONOECETES OPILIO"
956,"OREGON TRITON","FUSITRITON OREGONENSIS"
839,"OREGONIA BIFURCA","OREGONIA BIFURCA"
295,"OREOS","ALLOCYTTUS FOLLETTI"
1140,"OSPREY","PANDION HALIAETUS"
344,"P.O.P. GROUP","NON TAXANOMIC GROUPING"
617,"PACIFIC ARGENTINE","ARGENTINA SIALIS"
795,"PACIFIC BARRACUDA","SPHYRAENA ARGENTEA"
787,"PACIFIC BLUEFIN TUNA","THYNNUS ORIENTALIS"
28,"PACIFIC BOBTAIL SQUID","ROSSIA PACIFICA"
202,"PACIFIC COD","GADUS MACROCEPHALUS"
93,"PACIFIC ELECTRIC RAY","TORPEDO CALIFORNICA"
210,"PACIFIC FLATNOSE","ANTIMORA MICROLEPIS"
81,"PACIFIC GRENADIER","CORYPHAENOIDES ACROLEPIS"
206,"PACIFIC HAKE","MERLUCCIUS PRODUCTUS"
101,"PACIFIC HALIBUT","HIPPOGLOSSUS STENOLEPIS"
611,"PACIFIC HERRING","CLUPEA PALLASII"
79,"PACIFIC LAMPREY","ENTOSPHENUS TRIDENTATUS"
199,"PACIFIC MACKEREL","SCOMBER JAPONICUS"
301,"PACIFIC OCEAN PERCH","SEBASTES ALUTUS"
775,"PACIFIC POMFRET","BRAMA JAPONICA"
790,"PACIFIC POMPANO","PEPRILUS SIMILLIMUS"
137,"PACIFIC SANDDAB","CITHARICHTHYS SORDIDUS"
614,"PACIFIC SARDINE","SARDINOPS SAGAX"
607,"PACIFIC SAURY","COLOLABIS SAIRA"
76,"PACIFIC SHARPNOSE SHARK","RHIZOPRIONODON LONGURIO"
62,"PACIFIC SLEEPER SHARK","SOMNIOSUS PACIFICUS"
530,"PACIFIC SPINY LUMPSUCKER","EUMICROTREMUS ORBIS"
424,"PACIFIC STAGHORN SCULPIN","LEPTOCOTTUS ARMATUS"
209,"PACIFIC TOMCOD","MICROGADUS PROXIMUS"
806,"PACIFIC VIPERFISH","CHAULIODUS MACOUNI"
258,"PALLID EELPOUT","LYCODAPUS MANDIBULARIS"
985,"PALLID MOON SNAIL","EUSPIRA PALLIDA"
762,"PAPERBONES UNIDENTIFIED","NOTOSUDIDAE"
1141,"PARAKEET AUKLET","AETHIA PSITTACULA"
17,"PARALOMIS MULTISPINA","PARALOMIS MULTISPINA"
38,"PARALOMIS VERILLI","PARALOMIS VERILLI"
1142,"PARASITIC JAEGER","STERCORARIUS PARASITICUS"
74,"PEA CRAB","PINNIXA OCCIDENTALIS"
830,"PEANUT WORMS UNIDENTIFIED","SIPUNCULA SPP"
681,"PEARLEYES UNIDENTIFIED","SCOPELARCHIDAE"
754,"PEARLY PRICKLEBACK","BRYOZOICHTHYS MARJORIUS"
1143,"PELAGIC CORMORANT","PHALACROCORAX PELAGICUS"
61,"PELAGIC OCTOPUS UNIDENTIFIED","VAMPYROTEUTHIS"
1144,"PEREGRINE FALCON","FALCO PEREGRINUS"
112,"PETRALE SOLE","EOPSETTA JORDANI"
868,"PHALAROPE UNIDENTIFIED","PHALAROPODIDAE SPP"
333,"PINK ROSE ROCKFISH","SEBASTES SIMULATOR"
225,"PINK SALMON","ONCORHYNCHUS GORBUSCHA"
504,"PINK SNAILFISH","CAREPROCTUS RASTRINUS"
399,"PLAIN SCULPIN","MYOXOCEPHALUS JAOK"
710,"PLAINFIN MIDSHIPMAN","PORICHTHYS NOTATUS"
978,"PLICIFUSUS UNIDENTIFIED","PLICIFUSUS SPP"
450,"POACHER UNIDENTIFIED","AGONIDAE"
252,"POLAR EELPOUT","LYCODES TURNERI"
943,"POLAR WHELK","BUCCINUM POLARE"
201,"POLLOCK","GADUS CHALCOGRAMMUS"
54,"POLYCHAETE UNIDENTIFIED","POLYCHAETA"
1145,"POMARINE JAEGER","STERCORARIUS POMARINUS"
765,"POMFRET UNIDENTIFIED","BRAMIDAE"
946,"PRIBILOF WHELK","NEPTUNEA PRIBILOFFENSIS"
750,"PRICKLEBACK UNIDENTIFIED","STICHAEIDAE"
826,"PRICKLY POMFRET","PTERYCOMBUS PETERSII"
205,"PROWFISH","ZAPRORA SILENUS"
890,"PUFFIN UNIDENTIFIED","FRATERCULA SPP"
49,"PYGMY ROCK CRAB","CANCER OREGONENSIS"
335,"PYGMY ROCKFISH","SEBASTES WILSONI"
155,"PYGMY SHARK","ETMOPTERUS SPP, EUPROTOMICRUS SPP"
343,"QUILLBACK ROCKFISH","SEBASTES MALIGER"
782,"QUILLFISH","PTILICHTHYS GOODEI"
280,"RAGFISH","ICOSTEUS AENIGMATICUS"
605,"RAINBOW SMELT","OSMERUS MORDAX"
10,"RARE KING CRAB","PARALITHODES BREVIPES"
308,"RED BANDED ROCKFISH","SEBASTES BABCOCKI"
407,"RED IRISH LORD","HEMILEPIDOTUS HEMILEPIDOTUS"
13,"RED KING CRAB","PARALITHODES CAMTSCHATICUS"
1147,"RED PHALAROPE","PHALAROPUS FULICARIUS"
833,"RED TREE CORAL","PRIMNOA WILLEYI"
1148,"RED-FACED CORMORANT","PHALACROCORAX URILE"
875,"RED-LEGGED KITTIWAKE","RISSA BREVIROSTRIS"
1149,"RED-NECKED STINT","CALIDRIS RUFICOLLIS"
324,"REDSTRIPE ROCKFISH","SEBASTES PRORIGER"
105,"REX SOLE","GLYPTOCEPHALUS ZACHIRUS"
842,"RHINOCEROS CRAB","RHINOLITHODES WOSNESSENSKII"
895,"RHINOCEROUS AUKLET","CERORHINCA MONCERATA"
408,"RIBBED SCULPIN","TRIGLOPS PINGELII"
507,"RIBBON SNAILFISH","LIPARIS CYCLOPUS"
563,"RIBBONFISH UNIDENTIFIED","TRACHIPTERIDAE"
1146,"RING-BILLED GULL","LARUS DELAWARENSIS"
508,"RINGTAIL SNAILFISH","LIPARIS RUTTERI"
51,"ROBUST CLUBHOOK SQUID","MOROTEUTHIS ROBUSTA"
393,"ROCK GREENLING","HEXAGRAMMOS LAGOCEPHALUS"
104,"ROCK SOLE UNIDENTIFIED","LEPIDOPSETTA SPP"
300,"ROCKFISH UNIDENTIFIED","SCORPAENIDAE"
240,"RONQUIL UNIDENTIFIED","BATHYMASTERIDAE"
309,"ROSETHORN ROCKFISH","SEBASTES HELVOMACULATUS"
312,"ROSY ROCKFISH","SEBASTES ROSACEUS"
960,"ROSY WHELK","COLUS ROSEUS"
778,"ROUGH POMFRET","TARACTES ASPER"
307,"ROUGHEYE ROCKFISH","SEBASTES ALEUTIANUS"
114,"ROUGHSCALE SOLE","CLIDODERMA ASPERRIMUM"
166,"ROUGHSHOULDER SKATE","AMBLYRAJA BADIA"
471,"ROUGHSPINE SCULPIN","TRIGLOPS MACELLUS"
89,"ROUGHTAIL SKATE","BATHYRAJA TRACHURA"
200,"ROUNDFISH UNIDENTIFIED","OSTEICHTHYES"
1152,"RUDDY TURNSTONE","ARENARIA INTERPRES"
1151,"RUSTIC BUNTING","EMBRERIZA RUSTICA"
1150,"RUSTY BLACKBIRD","EUPHAGUS CAROLINUS"
975,"RUSTY MOONSNAIL","NATICA RUSSA"
1153,"SABINE'S GULL","XEMA SABINI"
203,"SABLEFISH (BLACKCOD)","ANOPLOPOMA FIMBRIA"
208,"SAFFRON COD","ELEGINUS GRACILIS"
419,"SAILFIN SCULPIN","NAUTICHTHYS OCULOFASCIATUS"
148,"SAKHALIN SOLE","LIMANDA SAKHALINENSIS"
67,"SALMON SHARK","LAMNA DITROPIS"
220,"SALMON UNIDENTIFIED","ONCORHYNCHUS SPP"
670,"SAND LANCES","AMMODYTES HEXAPTERUS"
115,"SAND SOLE","PSETTICHTHYS MELANOSTICTUS"
136,"SANDDAB UNIDENTIFIED","BOTHIDAE"
239,"SANDFISHES","TRICHODON TRICHODON"
98,"SANDPAPER SKATE","BATHYRAJA INTERRUPTA"
453,"SAWBACK POACHER","LEPTAGONUS FRENATUS"
31,"SCALED CRAB","PLACETRON WOSNESSENSKII"
771,"SCALY WEARYFISH","SCOPELOSAURUS SP"
425,"SCISSORTAIL SCULPIN","TRIGLOPS FORFICATUS"
400,"SCULPIN UNIDENTIFIED","COTTIDAE"
55,"SEA ANEMONE UNIDENTIFIED","ACTINIARIA"
897,"SEA BIRDS UNIDENTIFIED","SEA BIRDS SP"
41,"SEA CUCUMBER UNIDENTIFIED","HOLOTHUROIDEA"
689,"SEA DEVIL UNIDENTIFIED","CERATIIDAE"
59,"SEA MOUSE","APHRODITA SP"
42,"SEA ONIONS UNIDENTIFIED","BOLTENIA SPP"
58,"SEA PEN-SEA WHIP UNIDENTIFIED","PENNATULACEA"
57,"SEA POTATO UNIDENTIFIED","HALOCYNTHIA SPP"
56,"SEA SPIDER UNIDENTIFIED","PYCNOGONIDA"
40,"SEA URCHINS-SAND DOLLARS UNIDENTIFIED","ECHINOIDEA"
550,"SEABASS UNIDENTIFIED","SCIAENIDAE"
242,"SEARCHER","BATHYMASTER SIGNATUS"
65,"SHARK UNIDENTIFIED","SELACHII"
304,"SHARPCHIN ROCKFISH","SEBASTES ZACENTRUS"
853,"SHEARWATER UNIDENTIFIED","PROCELLARIIDAE SP"
809,"SHINING LOOSEJAW","ARISTOSTOMIAS SCINTILLANS"
609,"SHINING TUBESHOULDER","SAGAMICHTHYS ABEI"
867,"SHOREBIRD UNIDENTIFIED","CHARADRIIFORMES SPP"
1155,"SHORT-EARED OWL","ASIO FLAMMEUS"
850,"SHORT-TAILED ALBATROSS","DIOMEDEA ALBATRUS"
857,"SHORT-TAILED SHEARWATER","PUFFINUS TENUIROSTRIS"
318,"SHORTBELLY ROCKFISH","SEBASTES JORDANI"
259,"SHORTFIN EELPOUT","LYCODES BREVIPES"
406,"SHORTHORN SCULPIN","MYOXOCEPHALUS SCORPIUS"
326,"SHORTRAKER ROCKFISH","SEBASTES BOREALIS"
354,"SHORTRAKER/ROUGHEYE ROCKFISH","NON TAXANOMIC GROUPING"
350,"SHORTSPINE THORNYHEAD","SEBASTOLOBUS ALASCANUS"
938,"SHOULDERED WHELK","VOLUTOPSIUS STEFANSSONI"
70,"SHRIMP UNIDENTIFIED","CARIDEA"
1156,"SIBERIAN ACCENTOR","PRUNELLA MONTANELLA"
72,"SIDESTRIPE SHRIMP","PANDALOPSIS DISPAR"
296,"SILVER SPINYFIN","DIRETMUS ARGENTEUS"
310,"SILVERGRAY ROCKFISH","SEBASTES BREVISPINIS"
396,"SILVERSPOTTED SCULPIN","BLEPSIAS CIRRHOSUS"
777,"SILVERY HATCHETFISH","ARGYROPELECUS LYCHNUS"
941,"SINUOUS WHELK","BUCCINUM PLECTRUM"
78,"SIXGILL SHARK","HEXANCHUS GRISEUS"
91,"SKATE EGG CASE UNIDENTIFIED","RAJIFORMES"
90,"SKATE UNIDENTIFIED","RAJIFORMES"
212,"SKILFISH","ERILEPIS ZONIFER"
1154,"SLATY-BACKED GULL","LARUS SCHISTISAGUS"
772,"SLENDER BARRACUDINA","LESTIDIOPS RINGENS"
216,"SLENDER CODLING","HALARGYREUS JOHNSONII"
560,"SLENDER SNIPE EEL","NEMICHTHYS SCOLOPACEUS"
111,"SLENDER SOLE","LYOPSETTA EXILIS"
626,"SLICKHEADS UNIDENTIFIED","ALEPOCEPHALIDEA"
416,"SLIM SCULPIN","RADULINUS ASPRELLUS"
348,"SMALL RED ROCKFISH GROUP","NON TAXANOMIC GROUPING"
270,"SMALLEYE SQUARETAIL","TETRAGONURUS CUVIERI"
602,"SMELT UNIDENTIFIED","OSMERIDAE"
600,"SMELT/HERRING UNIDENTIFIED","CLUPEIDAE, OSMERIDAE"
454,"SMOOTH ALLIGATORFISH","ANOPLAGONUS INERMIS"
531,"SMOOTH LUMPSUCKER","APTOCYCLUS VENTRICOSUS"
34,"SNAIL EGGS UNIDENTIFIED","GASTROPODA"
36,"SNAIL SHELL UNIDENTIFIED","GASTROPOD"
30,"SNAIL UNIDENTIFIED","GASTROPODA"
500,"SNAILFISH UNIDENTIFIED","LIPARIDAE"
751,"SNAKE PRICKLEBACK","LUMPENUS SAGITTA"
559,"SNIPE EEL UNIDENTIFIED","NEMICHTHYIDAE"
1157,"SNOWY OWL","NYCTEA SCANDIACA"
224,"SOCKEYE SALMON","ONCORHYNCHUS NERKA"
819,"SOFT CORAL","ALCYONACEA"
159,"SOFT SNOUT SKATE","BATHYRAJA SPP"
856,"SOOTY SHEARWATER","PUFFINUS GRISEUS"
64,"SOUPFIN SHARK","GALEORHINUS GALEUS"
1159,"SOUTH POLAR SKUA","STERCORARIUS MACCORMICKI"
121,"SOUTHERN ROCK SOLE","LEPIDOPSETTA BILINEATA"
342,"SPECKLED ROCKFISH","SEBASTES OVALIS"
864,"SPECTACLED EIDER","SOMATERIA FISCHERI"
426,"SPECTACLED SCULPIN","TRIGLOPS SCEPTICUS"
66,"SPINY DOGFISH SHARK","SQUALUS SUCKLEYI"
461,"SPINYCHEEK STARSNOUT","BATHYAGONUS INFRASPINATUS"
401,"SPINYHEAD SCULPIN","DASYCOTTUS SETIGER"
315,"SPLITNOSE ROCKFISH","SEBASTES DIPLOPROA"
26,"SPONGE UNIDENTIFIED","PORIFERA"
622,"SPOOKFISH UNIDENTIFIED","OPISTHOPROCTIDAE"
1158,"SPOONBILL SANDPIPER","EURYNORHYNCHUS PYGMEUS"
71,"SPOT SHRIMP","PANDALUS PLATYCEROS"
256,"SPOTTED CUSK-EEL","CHILARA TAYLORI"
99,"SPOTTED RATFISH","HYDROLAGUS COLLIEI"
356,"SQUARESPOT ROCKFISH","SEBASTES HOPKINSI"
50,"SQUID UNIDENTIFIED","TEUTHIDA"
20,"STARFISH UNIDENTIFIED","ASTEROIDEA"
142,"STARRY FLOUNDER","PLATICHTHYS STELLATUS"
338,"STARRY ROCKFISH","SEBASTES CONSTELLATUS"
96,"STARRY SKATE","RAJA STELLULATA"
226,"STEELHEAD","ONCORHYNCHUS MYKISS"
865,"STELLER'S EIDER","POLYSTICTA STELLERI"
167,"STIFF SNOUT SKATE","RAJA SPP"
816,"STONY CORAL","SCLERACTINIA"
858,"STORM-PETREL UNIDENTIFIED","HYDROBATIDAE"
328,"STRIPETAIL ROCKFISH","SEBASTES SAXICOLA"
452,"STURGEON POACHER","PODOTHECUS ACCIPENSERINUS"
230,"STURGEON UNIDENTIFIED","ACIPENSERIDAE"
986,"SUNFLOWER SEA STAR","PYCNOPIDIA HELIANTHOIDES"
24,"SUNSTAR STARFISH","SOLASTERIDAE"
613,"SURF SMELT","HYPOMESUS PRETIOSUS"
811,"SWORDFISH","XIPHIDIAS GLADUS"
397,"TADPOLE SCULPIN","PSYCHROLUTES PARADOXUS"
3,"TANNER CRAB UNIDENTIFIED","CHIONOECETES SP"
18,"TANNERI TANNER","CHIONOECETES TANNERI"
23,"TELMESSUS CRAB","TELMESSUS CHEIRAGONUS"
880,"TERN UNIDENTIFIED","STERNINAE SP"
888,"THICK-BILLED MURRE","URIA LOMVIA"
959,"THICK-RIBBED WHELK","COLUS SPITZBERGENSIS"
958,"THIN-RIBBED WHELK","COLUS HERENDEENII"
413,"THORNY SCULPIN","ICELUS SPINIGER"
349,"THORNYHEAD ROCKFISH UNIDENT","SEBASTOLOBUS SP"
935,"THREADED WHELK","VOLUTOPSIUS FILOSUS"
403,"THREADFIN SCULPIN","ICELINUS FILAMENTOSUS"
625,"THREADFIN SLICKHEAD","TALISMANIA BIFURCATA"
63,"THRESHER SHARK","ALOPIAS VULPINUS"
428,"THYRISCUS ANOPLUS","THYRISCUS ANOPLUS"
329,"TIGER ROCKFISH","SEBASTES NIGROCINCTUS"
433,"TRIGLOPS SCULPIN UNIDENTIFIED","TRIGLOPS SPP"
848,"TUBENOSES UNIDENTIFIED","PROCELLARIIFORMES"
807,"TUBESHOULDER UNIDENTIFIED","PLATYTROCTIDAE"
892,"TUFTED PUFFIN","FRATERCULA CIRRHATA"
951,"TULIP WHELK","VOLUTOPSIUS MIDDENDORFFII"
102,"TURBOT (GREENLAND)","REINHARDTIUS HIPPOGLOSSOIDES"
143,"TURBOT/KAM/ARROW - UNIDENTIFIED","NON TAXANOMIC GROUPING"
253,"TWOLINE EELPOUT","BOTHROCARA BRUNNEUM"
1160,"UNIDENTIFIED AUKLET","ALCIDAE"
1162,"UNIDENTIFIED DUCK","ANATIDAE"
1163,"UNIDENTIFIED EIDER","ANATINAE"
1164,"UNIDENTIFIED FALCON","FALCONINAE"
1165,"UNIDENTIFIED HAWK","ACCIPITRIDAE"
1166,"UNIDENTIFIED KITTIWAKE","LORIDAE"
1167,"UNIDENTIFIED MURRELET","ALCIDAE"
1168,"UNIDENTIFIED OWL","STRIGIDAE"
1169,"UNIDENTIFIED PASSERINE","PASSERIFORMES"
1170,"UNIDENTIFIED PETREL","HYDROBATIDAE"
1161,"UNIDENTIFIED PLOVER","CHARADRIIDAE"
1171,"UNIDENTIFIED RAPTOR","UNIDENTIFIED RAPTOR"
1174,"UNIDENTIFIED SANDPIPER","SCOLOPACIDAE"
1172,"UNIDENTIFIED SHOREBIRD","UNIDENTIFIED SHOREBIRD"
1175,"UNIDENTIFIED SMALL DARK AUKLET","ALCIDAE"
1176,"UNIDENTIFIED SPARROW","FRINGILLIDAE"
1173,"UNIDENTIFIED WARBLER","SYLVIIDAE"
9992,"UNKNOWN","UNKNOWN"
931,"VELUTINA VELUTINA","VELUTINA VELUTINA"
331,"VERMILION ROCKFISH","SEBASTES MINIATUS"
805,"VIPERFISH UNIDENTIFIED","CHAULIODONTINAE"
953,"WARPED WHELK","VOLUTOPSIUS DEFORMIS"
451,"WARTY POACHER","CHESNONIA VERRUCOSA"
398,"WARTY SCULPIN","MYOXOCEPHALUS SCORPIUS"
862,"WATERFOWL UNIDENTIFIED","ANSERIFORMES SPP"
251,"WATTLED EELPOUT","LYCODES PALEARIS"
1178,"WESTERN GULL","LARUS OCCIDENTALIS"
540,"WHALEFISHES UNIDENTIFIED","CETOMIMIDAE SPP"
1179,"WHISKERED AUKLET","AETHIA PYGMAEA"
773,"WHITE BARRACUDINA","ARCTOZENUS RISSO"
1177,"WHITE-CROWNED SPARROW","ZONOTRICHIA LEUCOPHRYS"
1181,"WHITE-WINGED SCOTER","MELANITTA FUSCA"
616,"WHITEBAIT SMELT","ALLOSMERUS ELONGATUS"
755,"WHITEBARRED PRICKLEBACK","POROCLINUS ROTHROCKI"
164,"WHITEBLOTCHED SKATE","BATHYRAJA MACULATA"
162,"WHITEBROW SKATE","BATHYRAJA MINISPINOSA"
391,"WHITESPOTTED GREENLING","HEXAGRAMMOS STELLERI"
305,"WIDOW ROCKFISH","SEBASTES ENTOMELAS"
1180,"WILSON'S WARBLER","WILSONIA PUSILLA"
780,"WOLF-EEL","ANARRHICHTHYS OCELLATUS"
779,"WOLFFISH UNIDENTIFIED","ANARHICHADIDAE"
829,"WORMS UNIDENTIFIED","ANIMALIA"
759,"WRYMOUTH UNIDENTIFIED","CRYPTACANTHODIDAE"
414,"YELLOW IRISH LORD","HEMILEPIDOTUS JORDANI"
1182,"YELLOW WAGTAIL","MOTACILLA FLAVA"
322,"YELLOWEYE ROCKFISH","SEBASTES RUBERRIMUS"
140,"YELLOWFIN SOLE","LIMANDA ASPERA"
320,"YELLOWMOUTH ROCKFISH","SEBASTES REEDI"
321,"YELLOWTAIL ROCKFISH","SEBASTES FLAVIDUS"
